"person","MaxAccX","MaxAccY","MaxAccZ","MaxGyroX","MaxGyroY","MaxGyroZ","MaxMagX","MaxMagY","MaxMagZ","AvgAccX","AvgAccY","AvgAccZ","AvgGyroX","AvgGyroY","AvgGyroZ","AvgMagX","AvgMagY","AvgMagZ"
"11","40.861","25.6085","12.3945","5.6115","2.7975","3.937","37.027","47.051","22.916999999999998","9.790071857142864","-0.27168457142857133","0.48181542857142845","-0.0942095714285714","1.3714285714287249e-05","-0.0028510000000000007","-32.3993007142857","24.38030528571428","-4.318974000000001"
